Image,IsLeaked
000001.jpg,1
000005.jpg,0
000007.jpg,1
000019.jpg,0
000020.jpg,0
000025.jpg,0
000032.jpg,1
000037.jpg,0
000039.jpg,1
000041.jpg,0
000053.jpg,1
000056.jpg,0
000057.jpg,1
000058.jpg,1
000061.jpg,0
000063.jpg,1
000064.jpg,0
000068.jpg,0
000070.jpg,1
000072.jpg,0
000074.jpg,0
000078.jpg,1
000079.jpg,1
000081.jpg,0
000084.jpg,1
000085.jpg,1
000089.jpg,0
000091.jpg,1
000103.jpg,0
000106.jpg,1
000107.jpg,0
000118.jpg,0
000121.jpg,0
000124.jpg,0
000129.jpg,0
000130.jpg,0
000134.jpg,0
000136.jpg,0
000137.jpg,0
000139.jpg,0
000141.jpg,0
000144.jpg,0
000146.jpg,0
000148.jpg,1
000149.jpg,0
000150.jpg,0
000155.jpg,0
000157.jpg,1
000160.jpg,0
000161.jpg,0
000162.jpg,1
000163.jpg,1
000165.jpg,0
000166.jpg,1
000170.jpg,0
000174.jpg,0
000177.jpg,0
000180.jpg,1
000185.jpg,1
000187.jpg,0
000195.jpg,1
000196.jpg,0
000197.jpg,0
000200.jpg,0
000201.jpg,1
000205.jpg,1
000206.jpg,0
000210.jpg,0
000212.jpg,0
000213.jpg,0
000214.jpg,0
000219.jpg,0
000220.jpg,0
000221.jpg,0
000225.jpg,1
000226.jpg,1
000229.jpg,1
000232.jpg,0
000233.jpg,0
000238.jpg,0
000248.jpg,0
000252.jpg,1
000254.jpg,1
000256.jpg,1
000257.jpg,1
000262.jpg,0
000263.jpg,0
000264.jpg,0
000266.jpg,0
000275.jpg,0
000277.jpg,0
000279.jpg,0
000294.jpg,0
000302.jpg,0
000306.jpg,0
000307.jpg,1
000309.jpg,1
000313.jpg,0
000316.jpg,0
000325.jpg,0
000326.jpg,0
000329.jpg,1
000334.jpg,0
000337.jpg,0
000338.jpg,0
000345.jpg,1
000351.jpg,0
000353.jpg,1
000355.jpg,1
000363.jpg,1
000365.jpg,0
000369.jpg,0
000372.jpg,0
000386.jpg,0
000387.jpg,0
000388.jpg,1
000396.jpg,1
000401.jpg,0
000405.jpg,0
000408.jpg,0
000410.jpg,0
000415.jpg,0
000416.jpg,0
000418.jpg,0
000419.jpg,0
000420.jpg,0
000426.jpg,0
000429.jpg,1
000430.jpg,0
000431.jpg,1
000432.jpg,1
000433.jpg,0
000434.jpg,1
000435.jpg,0
000436.jpg,0
000437.jpg,0
000440.jpg,0
000441.jpg,0
000454.jpg,1
000458.jpg,1
000474.jpg,0
000475.jpg,1
000476.jpg,0
000481.jpg,0
000482.jpg,0
000485.jpg,0
000492.jpg,0
000493.jpg,0
000494.jpg,1
000500.jpg,1
000505.jpg,0
000515.jpg,0
000516.jpg,0
000524.jpg,0
000527.jpg,0
000528.jpg,0
000539.jpg,0
000540.jpg,1
000541.jpg,0
000542.jpg,1
000547.jpg,0
000550.jpg,1
000551.jpg,0
000556.jpg,0
000559.jpg,0
000571.jpg,0
000579.jpg,0
000580.jpg,0
000581.jpg,1
000588.jpg,1
000594.jpg,1
000596.jpg,0
000601.jpg,0
000602.jpg,1
000604.jpg,1
000608.jpg,0
000611.jpg,1
000618.jpg,0
000625.jpg,1
000628.jpg,0
000629.jpg,0
000630.jpg,0
000633.jpg,1
000635.jpg,1
000638.jpg,0
000641.jpg,0
000642.jpg,0
000647.jpg,0
000652.jpg,0
000655.jpg,0
000656.jpg,0
000660.jpg,1
000670.jpg,1
000673.jpg,0
000677.jpg,1
000684.jpg,0
000686.jpg,0
000688.jpg,0
000689.jpg,0
000695.jpg,0
000700.jpg,0
000701.jpg,0
000702.jpg,0
000703.jpg,1
000706.jpg,1
000707.jpg,0
000711.jpg,0
000716.jpg,0
000717.jpg,0
000719.jpg,1
000734.jpg,0
000736.jpg,0
000739.jpg,0
000742.jpg,0
000747.jpg,0
000748.jpg,0
000751.jpg,0
000753.jpg,0
000755.jpg,0
000756.jpg,0
000758.jpg,1
000761.jpg,0
000762.jpg,0
000763.jpg,1
000765.jpg,1
000767.jpg,0
000771.jpg,0
000776.jpg,0
000777.jpg,0
000784.jpg,0
000787.jpg,0
000790.jpg,0
000791.jpg,0
000794.jpg,0
000795.jpg,0
000797.jpg,0
000798.jpg,0
000800.jpg,1
000810.jpg,1
000814.jpg,0
000826.jpg,0
000831.jpg,0
000836.jpg,0
000840.jpg,0
000847.jpg,1
000850.jpg,1
000852.jpg,0
000859.jpg,0
000865.jpg,0
000866.jpg,0
000871.jpg,0
000877.jpg,0
000882.jpg,0
000883.jpg,0
000890.jpg,0
000895.jpg,0
000903.jpg,1
000904.jpg,0
000906.jpg,0
000911.jpg,1
000926.jpg,1
000934.jpg,0
000936.jpg,0
000938.jpg,0
000942.jpg,0
000951.jpg,1
000955.jpg,0
000958.jpg,0
000961.jpg,0
000962.jpg,1
000964.jpg,0
000966.jpg,1
000976.jpg,1
000978.jpg,1
000979.jpg,0
000980.jpg,1
000984.jpg,0
000985.jpg,1
000990.jpg,0
000994.jpg,0
000996.jpg,1
000997.jpg,0
000998.jpg,0
001001.jpg,0
001003.jpg,0
001014.jpg,1
001018.jpg,0
001020.jpg,1
001022.jpg,0
001023.jpg,0
001024.jpg,0
001026.jpg,0
001028.jpg,0
001030.jpg,0
001032.jpg,1
001038.jpg,0
001039.jpg,0
001042.jpg,0
001050.jpg,0
001053.jpg,0
001057.jpg,0
001061.jpg,1
001064.jpg,1
001068.jpg,1
001069.jpg,0
001074.jpg,0
001075.jpg,1
001076.jpg,0
001084.jpg,1
001086.jpg,0
001090.jpg,0
001092.jpg,0
001102.jpg,1
001104.jpg,0
001105.jpg,0
001106.jpg,1
001109.jpg,0
001112.jpg,0
001114.jpg,1
001122.jpg,0
001132.jpg,0
001133.jpg,1
001139.jpg,0
001140.jpg,0
001150.jpg,0
001151.jpg,1
001152.jpg,0
001154.jpg,1
